Time,Kwenta Funding Rate,Binance Funding Rate
9/27/2023 1:00,-0.000453363,0.0001
9/26/2023 17:00,0.00000793,0.00005673
9/26/2023 9:00,0.000753452,0.00001558
9/26/2023 1:00,0.0000525,0.0000647
9/25/2023 17:00,0.000136288,0.0000513
9/25/2023 9:00,0.000375666,0.00004305
9/25/2023 1:00,-0.0000335,0.00002856
9/24/2023 17:00,-0.00000437,0.00004671
9/24/2023 9:00,0.000094,-0.00000558
9/24/2023 1:00,0.000217519,0.00002991
9/23/2023 17:00,0.000322811,0.00002321
9/23/2023 9:00,0.0000921,0.00002963
9/23/2023 1:00,0.000137444,0.00002817
9/22/2023 17:00,0.000424713,0.00003523
9/22/2023 9:00,0.000882193,0.00002865
9/22/2023 1:00,0.000172167,0.00002241
9/21/2023 17:00,0.000659792,-0.00000638
9/21/2023 9:00,0.00018762,0.00007655
9/21/2023 1:00,-0.000778569,0.00003804
9/20/2023 17:00,-0.000385964,0.00002909
9/20/2023 9:00,0.000232518,0.00002387
9/20/2023 1:00,-0.000170645,0.00004614
9/19/2023 17:00,-0.000419258,0.00001153
9/19/2023 9:00,0.000310483,-0.00001248
9/19/2023 1:00,-0.000243481,-0.00001298
9/18/2023 17:00,-0.000677606,0.00002976
9/18/2023 9:00,-0.000834144,0.00001365
9/18/2023 1:00,-0.000853819,0.00000621
9/17/2023 17:00,-0.000334551,0.00004182
9/17/2023 9:00,-0.0000853,-0.00000941
9/17/2023 1:00,-0.000408394,0.00002271
9/16/2023 17:00,-0.000651497,0.00000224
9/16/2023 9:00,-0.000261561,0.0000093
9/16/2023 1:00,-0.000472016,0.0001
9/15/2023 17:00,-0.00062704,0.00003877
9/15/2023 9:00,-0.000445457,-0.00002473
9/15/2023 1:00,-0.000564211,0.00000726
9/14/2023 17:00,-0.000238158,-0.0000056
9/14/2023 9:00,0.00019963,0.00003172
9/14/2023 1:00,-0.00098048,-0.0000364
9/13/2023 17:00,-0.000622577,0.00003869
9/13/2023 9:00,-0.000099,-0.0000326
9/13/2023 1:00,-0.000959133,0.00002004
9/12/2023 17:00,-0.000984354,-0.00000144
9/12/2023 9:00,-0.000605624,-0.00002671
9/12/2023 1:00,-0.000901492,-0.00004991
9/11/2023 17:00,-0.000479555,-0.00000625
9/11/2023 9:00,-0.000455676,0.00005746
9/11/2023 1:00,0.0000297,0.00004838
9/10/2023 17:00,-0.000254911,0.00000775
9/10/2023 9:00,-0.000442472,0.00001527
9/10/2023 1:00,-0.00083199,0.00003947
9/9/2023 17:00,-0.000590674,0.00004629
9/9/2023 9:00,0.000622118,0.00002832
9/9/2023 1:00,-0.000498082,0.00005008
9/8/2023 17:00,-0.000344028,0.00002497
9/8/2023 9:00,-0.000303726,0.00002685
9/8/2023 1:00,-0.00045869,0.00005596
9/7/2023 17:00,-0.000162639,0.00004354
9/7/2023 9:00,0.000538615,0.00007831
9/7/2023 1:00,0.000468003,0.00004502
9/6/2023 17:00,-0.0000135,0.000057
9/6/2023 9:00,0.000309833,-0.00003144
9/6/2023 1:00,-0.000161104,0.00002879
9/5/2023 17:00,0.0000794,0.00000977
9/5/2023 9:00,-0.000443217,0.0000029
9/5/2023 1:00,-0.0000966,0.00003126
9/4/2023 17:00,-0.00032892,0.0000098
9/4/2023 9:00,-0.000662597,-0.00007752
9/4/2023 1:00,-0.000668351,-0.00000075
9/3/2023 17:00,-0.000183188,-0.00000621
9/3/2023 9:00,0.000236835,-0.00002475
9/3/2023 1:00,-0.000306239,0.0000139
9/2/2023 17:00,-0.000672034,0.00000605
9/2/2023 9:00,-0.000643508,-0.00001621
9/2/2023 1:00,-0.000547653,0.00000804
9/1/2023 17:00,-0.000446129,0.00002457
9/1/2023 9:00,-0.0000597,-0.00001812
9/1/2023 1:00,-0.000349955,0.00003532
8/31/2023 17:00,-0.0000466,0.00002375
8/31/2023 9:00,0.000388778,0.00005954
8/31/2023 1:00,-0.000439274,0.00003627
8/30/2023 17:00,-0.000360102,0.00004644
8/30/2023 9:00,0.000276032,0.00007249
8/30/2023 1:00,0.000326041,0.00007488
8/29/2023 17:00,0.000181911,-0.0001273
8/29/2023 9:00,0.000063,0.00001139
8/29/2023 1:00,-0.000299109,0.00003145
8/28/2023 17:00,-0.000366156,0.00005739
8/28/2023 9:00,-0.00035111,-0.0000485
8/28/2023 1:00,-0.000576902,-0.00000176
8/27/2023 17:00,-0.000536288,0.00002696
8/27/2023 9:00,-0.000267767,0.00001535
8/27/2023 1:00,-0.00025845,0.00000399
8/26/2023 17:00,-0.000371836,-0.00006303
8/26/2023 9:00,-0.000279345,-0.00000055
8/26/2023 1:00,-0.000524039,0.0000356
8/25/2023 17:00,-0.000533713,0.00000498
8/25/2023 9:00,-0.000572593,-0.00001529
8/25/2023 1:00,-0.00029704,-0.00002692
8/24/2023 17:00,-0.000149945,-0.00001897
8/24/2023 9:00,-0.000545484,-0.00000957
8/24/2023 1:00,-0.000486594,0.00002659
8/23/2023 17:00,-0.000488229,0.00000334
8/23/2023 9:00,-0.000408132,-0.0000016
8/23/2023 1:00,-0.000138024,-0.00002059
8/22/2023 17:00,-0.000279427,-0.00003757
8/22/2023 9:00,-0.000462526,-0.00006552
8/22/2023 1:00,-0.000186045,0.00003645
8/21/2023 17:00,-0.000313462,0.00000592
8/21/2023 9:00,-0.00025753,-0.00004365
8/21/2023 1:00,-0.0000374,-0.0000401
8/20/2023 17:00,-0.000548738,-0.00001625
8/20/2023 9:00,-0.000960644,-0.00009092
8/20/2023 1:00,-0.000359215,-0.00011445
8/19/2023 17:00,-0.00062661,-0.00008349
8/19/2023 9:00,-0.000852173,-0.00007861
8/19/2023 1:00,-0.000438804,-0.0000458
8/18/2023 17:00,-0.001132356,0.00002951
8/18/2023 9:00,-0.000722845,0.00008602
8/18/2023 1:00,-0.00049418,-0.00017498
8/17/2023 17:00,-0.00052615,0.00007146
8/17/2023 9:00,-0.00054515,0.00007425
8/17/2023 1:00,-0.000214781,0.0001
8/16/2023 17:00,0.000434111,0.0001
8/16/2023 9:00,0.000198142,0.00009487
8/16/2023 1:00,0.000357958,0.00007286
8/15/2023 17:00,0.00080948,0.00008909
8/15/2023 9:00,0.000728068,0.00009894
8/15/2023 1:00,0.000714463,0.00007579
8/14/2023 17:00,0.000507819,0.00009882
8/14/2023 9:00,0.000545184,0.0001
8/14/2023 1:00,0.000634169,0.0001
8/13/2023 17:00,0.000186538,0.00009458
8/13/2023 9:00,0.000177337,0.00003083
8/13/2023 1:00,0.000468173,0.0000565
8/12/2023 17:00,0.000398788,0.00006868
8/12/2023 9:00,0.000290214,0.00004437
8/12/2023 1:00,0.0000801,0.00006253
8/11/2023 17:00,-0.000564721,0.00004072
8/11/2023 9:00,0.000323151,0.00000701
8/11/2023 1:00,0.000467683,0.00003796
8/10/2023 17:00,0.000387647,0.00008988
8/10/2023 9:00,0.000165193,0.00009807
8/10/2023 1:00,-0.000139749,0.00008799
8/9/2023 17:00,0.000483901,0.00006698
8/9/2023 9:00,-0.00035742,0.00001575
8/9/2023 1:00,-0.000241542,0.0001
8/8/2023 17:00,0.000139798,0.00004942
8/8/2023 9:00,0.000261851,0.0001
8/8/2023 1:00,0.001272399,0.00006695
8/7/2023 17:00,0.001269077,0.0001
8/7/2023 9:00,0.001274242,0.00009331
8/7/2023 1:00,0.001189297,0.0001
8/6/2023 17:00,0.000281422,0.00004934
8/6/2023 9:00,0.000192164,0.00006951
8/6/2023 1:00,-0.00000201,0.0001
8/5/2023 17:00,0.00031493,0.0001
8/5/2023 9:00,0.000160725,0.0000922
8/5/2023 1:00,0.0000371,0.00006861
8/4/2023 17:00,0.000584994,0.0001
8/4/2023 9:00,0.000850826,0.0000483
8/4/2023 1:00,0.000769203,0.0001
8/3/2023 17:00,0.001174379,0.0001
8/3/2023 9:00,0.001121691,0.0001
8/3/2023 1:00,0.001234425,0.0001
8/2/2023 17:00,0.000482069,0.0001
8/2/2023 9:00,0.000217787,0.0001
8/2/2023 1:00,0.000459242,0.0001
8/1/2023 17:00,0.000856941,0.0001
8/1/2023 9:00,0.000472288,0.0000303
8/1/2023 1:00,0.000328424,0.00008008
7/31/2023 17:00,0.000657908,0.00004221
7/31/2023 9:00,0.000700539,0.0000017
7/31/2023 1:00,0.000455701,0.00000049
7/30/2023 17:00,-0.00041673,0.00003686
7/30/2023 9:00,-0.000366304,0.00001949
7/30/2023 1:00,0.000282911,0.0001
7/29/2023 17:00,0.000510851,0.0001
7/29/2023 9:00,-0.000180786,0.00001485
7/29/2023 1:00,-0.000234171,0.0001
7/28/2023 17:00,0.000161328,0.00009408
7/28/2023 9:00,0.000217457,0.0000536
7/28/2023 1:00,0.000330909,0.00004949
7/27/2023 17:00,-0.000056,0.00003967
7/27/2023 9:00,-0.000044,0.00008145
7/27/2023 1:00,0.000103989,0.0001
7/26/2023 17:00,0.000475072,0.00009889
7/26/2023 9:00,0.000544052,0.00006753
7/26/2023 1:00,0.000764624,0.00009056
7/25/2023 17:00,0.000473037,0.0000749
7/25/2023 9:00,0.000310644,0.0001
7/25/2023 1:00,0.000298661,0.00008389
7/24/2023 17:00,0.000349136,0.00007167
7/24/2023 9:00,0.000939712,-0.0000008
7/24/2023 1:00,0.000234435,0.0001
7/23/2023 17:00,0.00015679,0.00005404
7/23/2023 9:00,0.000466844,0.0000341
7/23/2023 1:00,0.00024054,0.00001578
7/22/2023 17:00,0.0000327,0.00001648
7/22/2023 9:00,0.000268776,-0.00000415
7/22/2023 1:00,0.000572525,0.00005769
7/21/2023 17:00,0.000534567,0.00007376
7/21/2023 9:00,0.000292773,0.00000472
7/21/2023 1:00,0.001028211,0.00001798
7/20/2023 17:00,0.001402101,0.0001
7/20/2023 9:00,0.001086865,0.00009217
7/20/2023 1:00,0.000677622,-0.00000241
7/19/2023 17:00,0.000707224,0.0000916
7/19/2023 9:00,0.000458502,0.0001
7/19/2023 1:00,0.000927039,0.00006538
7/18/2023 17:00,0.001174544,0.00007161
7/18/2023 9:00,0.001366331,0.00008539
7/18/2023 1:00,0.001445383,0.00006696
7/17/2023 17:00,0.001608361,0.00003962
7/17/2023 9:00,0.000786208,0.00002313
7/17/2023 1:00,0.000286682,0.00002809
7/16/2023 17:00,0.000544253,0.0000408
7/16/2023 9:00,0.000853278,0.00004632
7/16/2023 1:00,0.000874673,0.0000564
7/15/2023 17:00,0.0000913,0.00008792
7/15/2023 9:00,0.00055334,0.0000811
7/15/2023 1:00,0.0000683,-0.00000131
7/14/2023 17:00,0.000259477,0.0001
7/14/2023 9:00,0.001499286,0.0001
7/14/2023 1:00,0.001870204,0.0001
7/13/2023 17:00,0.000769811,-0.0000455
7/13/2023 9:00,0.000541719,0.00005591
7/13/2023 1:00,0.000139228,-0.00000822
7/12/2023 17:00,0.000238462,0.0000732
7/12/2023 9:00,0.000748201,0.0001
7/12/2023 1:00,0.000674718,0.00008289
7/11/2023 17:00,0.000794384,0.00002549
7/11/2023 9:00,0.000604326,0.00007653
7/11/2023 1:00,0.000196362,0.00009527
7/10/2023 17:00,0.000790688,0.00007179
7/10/2023 9:00,0.000277658,0.00004524
7/10/2023 1:00,0.000459435,0.00002726
7/9/2023 17:00,0.000292574,0.0000318
7/9/2023 9:00,-0.000238825,0.00002878
7/9/2023 1:00,0.000265084,0.00003226
7/8/2023 17:00,0.000815671,-0.00000417
7/8/2023 9:00,0.000931402,0.00001339
7/8/2023 1:00,0.000823096,0.00003796
7/7/2023 17:00,0.000446298,0.00002585
7/7/2023 9:00,0.000507571,0.00003362
7/7/2023 1:00,0.000712561,0.00007449
7/6/2023 17:00,0.000335205,0.00002778
7/6/2023 9:00,0.000404512,0.0001
7/6/2023 1:00,0.00015844,0.0001
7/5/2023 17:00,0.000832233,0.0001
7/5/2023 9:00,0.001308706,0.0001
7/5/2023 1:00,0.000485236,0.0001
7/4/2023 17:00,0.000667274,0.0001
7/4/2023 9:00,0.000715963,0.0001
7/4/2023 1:00,0.000670619,0.0001
7/3/2023 17:00,0.00057035,0.0001
7/3/2023 9:00,0.000630025,0.0001
7/3/2023 1:00,0.000655138,0.0001
7/2/2023 17:00,0.000298697,0.0001
7/2/2023 9:00,0.000597557,0.0001
7/2/2023 1:00,0.000578529,0.0001
7/1/2023 17:00,0.000418777,0.0001
7/1/2023 9:00,0.0000671,0.0001
7/1/2023 1:00,0.00034771,0.0001
6/30/2023 17:00,-0.00040551,0.0001
6/30/2023 9:00,-0.000297733,0.0001
6/30/2023 1:00,0.000839201,0.00003965
6/29/2023 17:00,0.000648231,0.0001
6/29/2023 9:00,-0.000445525,0.00001188
6/29/2023 1:00,-0.000915508,0.00001497
6/28/2023 17:00,-0.000462814,0.00003872
6/28/2023 9:00,-0.00049187,0.00002202
6/28/2023 1:00,0.000372493,0.0001
6/27/2023 17:00,0.000706303,0.00001184
6/27/2023 9:00,0.000833435,0.00006237
6/27/2023 1:00,0.000146439,0.00004477
6/26/2023 17:00,-0.000271573,0.00007038
6/26/2023 9:00,-0.000208824,0.00007153
6/26/2023 1:00,0.000793817,0.0001
6/25/2023 17:00,0.000337577,0.0001
6/25/2023 9:00,-0.0000911,0.0001
6/25/2023 1:00,-0.000377069,0.0001
6/24/2023 17:00,0.000163777,0.00003414
6/24/2023 9:00,0.000150444,0.0001
6/24/2023 1:00,-0.000343529,0.0001
6/23/2023 17:00,-0.000308306,0.00004288
6/23/2023 9:00,-0.000572565,0.0001
6/23/2023 1:00,-0.000439617,0.0001
6/22/2023 17:00,-0.000414857,0.0001
6/22/2023 9:00,0.000653811,0.0001
6/22/2023 1:00,-0.000163256,0.0001
6/21/2023 17:00,-0.000393393,-0.00000236
6/21/2023 9:00,-0.000632433,0.00001018
6/21/2023 1:00,0.000460117,0.0001
6/20/2023 17:00,0.000550305,0.00002359
6/20/2023 9:00,-0.000510801,-0.00002167
6/20/2023 1:00,0.000434909,0.0000335
6/19/2023 17:00,0.000428804,0.00002962
6/19/2023 9:00,0.000173514,0.00005597
6/19/2023 1:00,0.00045398,0.00003436
6/18/2023 17:00,0.000369731,0.00005296
6/18/2023 9:00,0.00041681,-0.00000865
6/18/2023 1:00,0.000095,-0.00000719
6/17/2023 17:00,0.000302858,-0.00000145
6/17/2023 9:00,0.001234383,0.0001
6/17/2023 1:00,0.000746962,0.00006711
6/16/2023 17:00,0.000525163,-0.00001294
6/16/2023 9:00,0.000834785,-0.0000517
6/16/2023 1:00,0.000781094,-0.00008034
6/15/2023 17:00,0.00059291,0.00003041
6/15/2023 9:00,-0.000163739,-0.00008236
6/15/2023 1:00,-0.000349637,-0.00007479
6/14/2023 17:00,0.000819095,0.00002758
6/14/2023 9:00,0.000714132,0.00001378
6/14/2023 1:00,0.000634415,0.00009312
6/13/2023 17:00,0.000946485,0.00005417
6/13/2023 9:00,0.000987179,0.00004944
6/13/2023 1:00,0.000771041,0.00007468
6/12/2023 17:00,0.000777581,0.00002839
6/12/2023 9:00,0.000635669,0.00009417
6/12/2023 1:00,0.000719554,0.00007802
6/11/2023 17:00,0.00066226,0.00002351
6/11/2023 9:00,0.000319237,0.00006332
6/11/2023 1:00,0.000698568,0.00001783
6/10/2023 17:00,0.000933887,0.00001875
6/10/2023 9:00,0.000894381,0.00005325
6/10/2023 1:00,0.000738903,0.0000601
6/9/2023 17:00,0.000502997,0.00007382
6/9/2023 9:00,0.000445881,0.00000972
6/9/2023 1:00,0.000750282,0.00007287
6/8/2023 17:00,0.000814185,0.0000627
6/8/2023 9:00,0.000612333,0.00005971
6/8/2023 1:00,0.000590647,0.00006055
6/7/2023 17:00,0.000699832,0.00002657
6/7/2023 9:00,0.003162899,0.0001
6/7/2023 1:00,0.0025809,0.0001
6/6/2023 17:00,0,0.00008581
6/6/2023 9:00,0,0.00000199
6/6/2023 1:00,0,-0.00004896
6/5/2023 17:00,-0.0000794,0.00007504
6/5/2023 9:00,0.000600079,0.00002307
6/5/2023 1:00,0.001568672,0.00000294
6/4/2023 17:00,0.000916916,0.00008077
6/4/2023 9:00,0.000580133,0.00004801
6/4/2023 1:00,0.000751764,0.00002826
6/3/2023 17:00,0.000734476,0.0000095
6/3/2023 9:00,0.000739295,0.00007857
6/3/2023 1:00,0.000652441,0.0001
6/2/2023 17:00,0.000549234,0.00008252
6/2/2023 9:00,0.001194917,0.0001
6/2/2023 1:00,0.000635016,0.0000467
6/1/2023 17:00,0.00049272,0.0001
6/1/2023 9:00,0.000613,0.00009125
6/1/2023 1:00,-0.0000999,0.00006731
5/31/2023 17:00,-0.000647341,0.00004873
5/31/2023 9:00,-0.000269945,0.00000535
5/31/2023 1:00,0.000699107,0.00007951
5/30/2023 17:00,0.000295971,0.00004385
5/30/2023 9:00,0.000802096,0.0001
5/30/2023 1:00,0.000395336,0.0001
5/29/2023 17:00,0.000745457,0.0001
5/29/2023 9:00,0.000827316,0.0001
5/29/2023 1:00,-0.000187229,0.0001
5/28/2023 17:00,-0.000534523,0.00002481
5/28/2023 9:00,-0.0002768,-0.00001086
5/28/2023 1:00,0.0000448,-0.0000012
5/27/2023 17:00,0.000329025,-0.0000323
5/27/2023 9:00,-0.0000375,0.00004565
5/27/2023 1:00,-0.000428871,0.00006425
5/26/2023 17:00,-0.000544101,0.00003794
5/26/2023 9:00,-0.000313083,0.00006574
5/26/2023 1:00,0.000269767,0.0001
5/25/2023 17:00,0.000791136,0.00006605
5/25/2023 9:00,0.000980355,0.00000148
5/25/2023 1:00,0.000719193,0.00001449
5/24/2023 17:00,0.000745178,0.00004916
5/24/2023 9:00,0.000727109,0.00001006
5/24/2023 1:00,0.000728533,0.00009078
5/23/2023 17:00,0.000920008,0.00007378
5/23/2023 9:00,0.000594198,0.0001
5/23/2023 1:00,-0.000297846,0.0000279
5/22/2023 17:00,-0.000212522,0.00009003
5/22/2023 9:00,0.000296811,0.00005517
5/22/2023 1:00,0.000506297,0.00002428
5/21/2023 17:00,0.000195964,0.00002497
5/21/2023 9:00,-0.000322306,-0.00000159
5/21/2023 1:00,-0.000493717,0.0000422
5/20/2023 17:00,-0.000345065,-0.00000176
5/20/2023 9:00,-0.000226146,0.00000788
5/20/2023 1:00,-0.000420338,0.00007933
5/19/2023 17:00,0.0000829,0.0001
5/19/2023 9:00,0.00055649,0.00002782
5/19/2023 1:00,0.00048426,0.00004796
5/18/2023 17:00,0.000268088,0.00005135
5/18/2023 9:00,-0.0000669,0.00006739
5/18/2023 1:00,0.000139759,0.00007696
5/17/2023 17:00,0.000335294,0.00003984
5/17/2023 9:00,0.000693505,-0.0000153
5/17/2023 1:00,0.000104436,0.0000876
5/16/2023 17:00,-0.000472144,0.00006009
5/16/2023 9:00,0.00000348,0.00001255
5/16/2023 1:00,0.000396517,-0.0000156
5/15/2023 17:00,0.000391158,-0.00001988
5/15/2023 9:00,0.00049073,-0.00000295
5/15/2023 1:00,0.000325382,-0.00001849
5/14/2023 17:00,0.000436277,0.00003796
5/14/2023 9:00,0.000357382,0.00005487
5/14/2023 1:00,-0.000535907,-0.0000048
5/13/2023 17:00,-0.000658833,0.00000856
5/13/2023 9:00,-0.000576877,0.00002366
5/13/2023 1:00,-0.000579821,0.00002858
5/12/2023 17:00,-0.000357708,-0.00000917
5/12/2023 9:00,-0.000238019,0.00000454
5/12/2023 1:00,0.000630084,0.0000183
5/11/2023 17:00,0.000642945,0.00005429
5/11/2023 9:00,0.001174957,0.00002198
5/11/2023 1:00,0.000860295,-0.00000399
5/10/2023 17:00,0.000707484,0.00004334
5/10/2023 9:00,0.000563178,0.00006915
5/10/2023 1:00,0.00019006,0.00002199
5/9/2023 17:00,0.000817248,0.00005218
5/9/2023 9:00,0.001629641,0.0001
5/9/2023 1:00,0.000562406,0.00009627
5/8/2023 17:00,0.000124117,0.00003803
5/8/2023 9:00,-0.000372967,0.00001131
5/8/2023 1:00,0.000359787,0.00005356
5/7/2023 17:00,0.000768181,0.00004724
5/7/2023 9:00,0.000594704,0.00002257
5/7/2023 1:00,0.001311295,0.00001519
5/6/2023 17:00,-0.000161318,0.00000694
5/6/2023 9:00,-0.001566177,0.0001
5/6/2023 1:00,-0.0000247,0.0001
5/5/2023 17:00,0.000942256,0.0001
5/5/2023 9:00,0.0000983,0.0000568
5/5/2023 1:00,0.00065541,0.00003554
5/4/2023 17:00,0.000202048,0.00009899
5/4/2023 9:00,0.000459725,0.0001
5/4/2023 1:00,0.000842088,0.0001
5/3/2023 17:00,0.000850929,0.0001
5/3/2023 9:00,0.000486704,0.00006273
5/3/2023 1:00,0.000498678,0.00009799
5/2/2023 17:00,0.000454343,0.00008146
5/2/2023 9:00,0.000635683,0.00002555
5/2/2023 1:00,0.000620724,0.00009917
5/1/2023 17:00,0.000658732,0.00000846
5/1/2023 9:00,0.000887514,0.00002338
5/1/2023 1:00,-0.0000201,-0.00002629
4/30/2023 17:00,-0.000403837,0.00008291
4/30/2023 9:00,-0.000241035,-0.00000213
4/30/2023 1:00,0.000267819,0.00006303
4/29/2023 17:00,0.00000396,0.00005044
4/29/2023 9:00,-0.000425478,0.00007124
4/29/2023 1:00,0.0000254,0.00004382
4/28/2023 17:00,0.000668126,0.00008463
4/28/2023 9:00,0.000378105,0.00008037
4/28/2023 1:00,0.000440627,0.0000867
4/27/2023 17:00,0.000379051,0.00003408
4/27/2023 9:00,0.000535492,0.0000585
4/27/2023 1:00,0.000579596,-0.00002203
4/26/2023 17:00,0.000804098,0.000087
4/26/2023 9:00,0.00038332,0.00001253
4/26/2023 1:00,-0.000145123,0.00003839
4/25/2023 17:00,-0.000757165,0.00006892
4/25/2023 9:00,-0.000885376,0.00008034
4/25/2023 1:00,-0.000229775,0.00008411
4/24/2023 17:00,-0.000387981,0.00005112
4/24/2023 9:00,-0.001019556,0.00001238
4/24/2023 1:00,-0.001281387,0.00009041
4/23/2023 17:00,-0.001265059,0.00004969
4/23/2023 9:00,-0.001207158,0.00001032
4/23/2023 1:00,-0.00081594,-0.00006991
4/22/2023 17:00,-0.000356418,0.00002848
4/22/2023 9:00,-0.000507328,-0.00000562
4/22/2023 1:00,-0.000830805,0.00005467
4/21/2023 17:00,-0.000772781,0.00008488
4/21/2023 9:00,-0.000621551,0.00006902
4/21/2023 1:00,0.0000495,0.0000862
4/20/2023 17:00,0.000312997,0.00002269
4/20/2023 9:00,0.000478516,0.00000032
4/20/2023 1:00,0.000694248,0.00006418
4/19/2023 17:00,0.001214713,-0.00001015
4/19/2023 9:00,0.001067574,0.0001
4/19/2023 1:00,0.001895654,0.0001
4/18/2023 17:00,0.001905836,0.0001
4/18/2023 9:00,0.001938063,0.0001
4/18/2023 1:00,0.001901776,0.0001
4/17/2023 17:00,0.001892743,0.0001
4/17/2023 9:00,0.001892516,0.0001
4/17/2023 1:00,0.001488014,0.0001
4/16/2023 17:00,0.001815181,0.0001
4/16/2023 9:00,0.00184034,0.0001
4/16/2023 1:00,0.000821521,0.0001
4/15/2023 17:00,0.001145747,0.0001
4/15/2023 9:00,0.001698495,0.0001
4/15/2023 1:00,0.001384421,0.0001
4/14/2023 17:00,0.000760868,0.0001
4/14/2023 9:00,0.000800499,0.0001
4/14/2023 1:00,0.000893031,0.0001
4/13/2023 17:00,0.001058814,0.0001
4/13/2023 9:00,0.000663323,0.0001
4/13/2023 1:00,0.000114563,0.0001
4/12/2023 17:00,0.000201166,0.00003624
4/12/2023 9:00,0.000605378,0.0000129
4/12/2023 1:00,0.000835261,0.00001041
4/11/2023 17:00,0.000546117,0.00006716
4/11/2023 9:00,0.000463431,0.00008648
4/11/2023 1:00,0.000436562,0.00002648
4/10/2023 17:00,0.000750977,0.00002062
4/10/2023 9:00,0.000400649,-0.00004969
4/10/2023 1:00,0.000224714,0.00003359
4/9/2023 17:00,0.000405189,0.00003067
4/9/2023 9:00,0.000647534,-0.00001908
4/9/2023 1:00,0.000916829,0.0000082
4/8/2023 17:00,0.001070757,0.00002209
4/8/2023 9:00,0.000993285,0.00001046
4/8/2023 1:00,0.001052112,0.00003724
4/7/2023 17:00,0.000853619,0.00003638
4/7/2023 9:00,0.000480129,0.00007093
4/7/2023 1:00,0.000893723,0.00002088
4/6/2023 17:00,0.001310282,0.00000217
4/6/2023 9:00,0.000862879,0.00006251
4/6/2023 1:00,0.000257062,0.00005011
4/5/2023 17:00,0.000472459,0.0001
4/5/2023 9:00,0.000639508,0.0001
4/5/2023 1:00,0.000658499,0.00006853
4/4/2023 17:00,0.000661321,0.0001
4/4/2023 9:00,-0.000198296,0.00003238
4/4/2023 1:00,-0.000268297,0.0000636
4/3/2023 17:00,0.000118954,-0.00000471
4/3/2023 9:00,0.000135052,-0.0000196
4/3/2023 1:00,0.000288812,-0.00002938
4/2/2023 17:00,0.000612523,0.00003503
4/2/2023 9:00,0.00053596,0.00005018
4/2/2023 1:00,0.00058787,0.00003987
4/1/2023 17:00,0.000831141,0.00006306
4/1/2023 9:00,0.00102736,0.0001
4/1/2023 1:00,0.000906217,0.0001
3/31/2023 17:00,0.000858888,0.0001
3/31/2023 9:00,0.00038025,0.00006982
3/31/2023 1:00,-0.000391865,0.00007203
3/30/2023 17:00,0.00009,0.00005025
3/30/2023 9:00,-0.000803578,0.00000286
3/30/2023 1:00,-0.000150638,0.00005756
3/29/2023 17:00,0.00047064,0.0001
3/29/2023 9:00,0.000669798,0.00007584
3/29/2023 1:00,0.000532136,0.0001
3/28/2023 17:00,-0.000466511,0.00006578
3/28/2023 9:00,-0.001060522,0.00003473
3/28/2023 1:00,-0.001457073,-0.00001478
3/27/2023 17:00,-0.001492505,-0.00000171
3/27/2023 9:00,-0.001484902,-0.00000385
3/27/2023 1:00,-0.001474375,0.00001635
3/26/2023 17:00,-0.000799418,0.00004383
3/26/2023 9:00,-0.000307261,0.00000996
3/26/2023 1:00,-0.000252708,0.00000829
3/25/2023 17:00,-0.000405443,-0.00000795
3/25/2023 9:00,-0.000333299,0.0000146
3/25/2023 1:00,0.000266742,0.00001992
3/24/2023 17:00,0.001041594,0.0001
3/24/2023 9:00,0.001064164,0.0001
3/24/2023 1:00,0.001497965,0.0001
3/23/2023 17:00,0.002281167,0.0001
3/23/2023 9:00,0.002494989,0.0000686
3/23/2023 1:00,0.002559664,0.00001122
3/22/2023 17:00,0.002486922,0.0000554
3/22/2023 9:00,0.002089886,0.00001267
3/22/2023 1:00,0.001935999,0.00005145
3/21/2023 17:00,0.002405003,0.0000899
3/21/2023 9:00,0.003117563,0.00004611
3/21/2023 1:00,0.003370828,0.00007106
3/20/2023 17:00,0.003401205,0.00008194
3/20/2023 9:00,0.003395201,0.0001
3/20/2023 1:00,0.001807367,0.0001
3/19/2023 17:00,0.002484476,0.0001
3/19/2023 9:00,0.002334095,0.0001
3/19/2023 1:00,0.002206326,0.0001
3/18/2023 17:00,0.001384571,0.0001
3/18/2023 9:00,0.001123234,0.0001
3/18/2023 1:00,0.001416025,0.0001
3/17/2023 17:00,0.00074994,0.0001
3/17/2023 9:00,0.00135794,0.00005941
3/17/2023 1:00,0.0000807,0.00005964
3/16/2023 17:00,-0.000207174,0.0001
3/16/2023 9:00,-0.000991691,0.0001
3/16/2023 1:00,0.000265732,0.0001
3/15/2023 17:00,0.003031634,0.0001
3/15/2023 9:00,0.004041457,0.00018366
3/15/2023 1:00,0.004071976,0.00031728
3/14/2023 17:00,0.004240705,0.0001
3/14/2023 9:00,0.004211288,0.0001
3/14/2023 1:00,0.004488109,0.0001
3/13/2023 17:00,0.004458531,0.0001
3/13/2023 9:00,0.004144362,0.0001
3/13/2023 1:00,0.000963402,0.0001
3/12/2023 17:00,-0.003076245,-0.00004286
3/12/2023 9:00,-0.003287357,0.0000867
3/12/2023 1:00,-0.003383366,-0.00001066
3/11/2023 17:00,-0.003679303,0.00004677
3/11/2023 9:00,-0.003262442,-0.00005766
3/11/2023 1:00,-0.002607369,0.00002796
3/10/2023 17:00,-0.002727324,-0.00000512
3/10/2023 9:00,-0.002248474,-0.00000097
3/10/2023 1:00,-0.000982297,-0.00008306
3/9/2023 17:00,-0.000490409,0.00003643
3/9/2023 9:00,-0.000282107,0.00007599
3/9/2023 1:00,-0.000558491,0.00009084
3/8/2023 17:00,-0.000861626,0.00008786
3/8/2023 9:00,-0.001282464,0.00006664
3/8/2023 1:00,-0.001673513,0.00008208
3/7/2023 17:00,-0.001883584,0.00001011
3/7/2023 9:00,-0.002119032,0.00007563
3/7/2023 1:00,-0.002409604,0.00005296
3/6/2023 17:00,-0.002826013,0.00003604
3/6/2023 9:00,-0.003341672,0.00007122
3/6/2023 1:00,-0.00385325,0.00004583
3/5/2023 17:00,-0.003693981,0.00004841
3/5/2023 9:00,-0.002568817,0.00003554
3/5/2023 1:00,-0.000293766,0.00005372
3/4/2023 17:00,-0.000296671,0.00002121
3/4/2023 9:00,-0.0000535,0.00000126
3/4/2023 1:00,-0.001957557,0.00008491
3/3/2023 17:00,-0.004796314,0.00002284
3/3/2023 9:00,-0.006626481,-0.00000917
3/3/2023 1:00,-0.007414824,0.00003967
3/2/2023 17:00,-0.006950388,0.00007745
3/2/2023 9:00,-0.005145169,0.0001
3/2/2023 1:00,-0.002842931,0.0001
3/1/2023 17:00,0.00000799,0.0001
3/1/2023 9:00,0.001071377,0.0001
3/1/2023 1:00,0.001722125,0.00000341
2/28/2023 17:00,0.001981298,0.00008565
2/28/2023 9:00,0.001636136,0.00003626
2/28/2023 1:00,0.001156112,0.00003554
2/27/2023 17:00,-0.000153563,0.00006025
2/27/2023 9:00,-0.000597824,0.00008633
2/27/2023 1:00,-0.000680419,0.0001
2/26/2023 17:00,-0.000658425,0.00001098
2/26/2023 9:00,-0.000530138,0.00004684
2/26/2023 1:00,-0.000651025,0.00001266
2/25/2023 17:00,-0.0000199,0.00005498
2/25/2023 9:00,0.000321877,0.0000964
2/25/2023 1:00,0.000585765,0.00007921
2/24/2023 17:00,0.001021336,0.0000838
2/24/2023 9:00,0.001018269,0.00006414
2/24/2023 1:00,0.001055718,0.00003804
2/23/2023 17:00,0.001111656,0.00004373
2/23/2023 9:00,0.001158452,0.00009829
2/23/2023 1:00,0.001104473,0.00007072
2/22/2023 17:00,0.001098692,0.0001
2/22/2023 9:00,0.001011594,0.0001
2/22/2023 1:00,0.0009908,0.0001
2/21/2023 17:00,0.000721824,0.0001
2/21/2023 9:00,0.00091514,0.0001
2/21/2023 1:00,0.001246484,0.0001
2/20/2023 17:00,0.001209029,0.0001
2/20/2023 9:00,0.001622477,0.0001
2/20/2023 1:00,0.001907164,0.0001
2/19/2023 17:00,0.001862368,0.0001
2/19/2023 9:00,0.002186777,0.0001
2/19/2023 1:00,0.002206446,0.0001
2/18/2023 17:00,0.00180438,0.0001
2/18/2023 9:00,0.001500315,0.0001
2/18/2023 1:00,0.000942317,0.0001
2/17/2023 17:00,0.000828597,0.0001
2/17/2023 9:00,0.00207609,0.0001
2/17/2023 1:00,0.002770268,0.0001
2/16/2023 17:00,0.002400677,0.00014101
2/16/2023 9:00,0.001422332,0.0001
2/16/2023 1:00,0.000702725,0.0001
2/15/2023 17:00,0.000443379,0.00005715
2/15/2023 9:00,0.000521108,0.0000281
2/15/2023 1:00,0.000686644,0.0000291
2/14/2023 17:00,0.001260436,0.00005311
2/14/2023 9:00,0.001261908,0.00004405
2/14/2023 1:00,0.001084473,-0.00000454
2/13/2023 17:00,0.000774387,0.0001
2/13/2023 9:00,-0.000217059,0.00005994
2/13/2023 1:00,-0.000941424,0.00002555
2/12/2023 17:00,-0.001801611,0.00004579
2/12/2023 9:00,-0.001975158,0.00003224
2/12/2023 1:00,-0.00197782,0.00008869
2/11/2023 17:00,-0.002124286,-0.00002491
2/11/2023 9:00,-0.002613966,0.00003345
2/11/2023 1:00,-0.003045139,0.0000647
2/10/2023 17:00,-0.003232999,0.0001
2/10/2023 9:00,-0.003015531,0.00006828
2/10/2023 1:00,-0.003087532,0.0001
2/9/2023 17:00,-0.002484766,0.0001
2/9/2023 9:00,-0.00049555,0.0001
2/9/2023 1:00,-0.0000609,0.0001
2/8/2023 17:00,0.0000315,0.0001
2/8/2023 9:00,-0.00018931,0.0001
2/8/2023 1:00,-0.000297225,0.0001
2/7/2023 17:00,-0.000737608,0.0001
2/7/2023 9:00,-0.000672636,0.0001
2/7/2023 1:00,-0.000565991,0.0001
2/6/2023 17:00,-0.000271683,0.0001
2/6/2023 9:00,-0.0000904,0.0001
2/6/2023 1:00,0.0000565,0.0001
2/5/2023 17:00,-0.000328327,0.0001
2/5/2023 9:00,-0.0000803,0.0001
2/5/2023 1:00,0.000200022,0.0001
2/4/2023 17:00,0.000523214,0.0001
2/4/2023 9:00,0.000863078,0.0001
2/4/2023 1:00,0.001210671,0.0001
2/3/2023 17:00,0.001323722,0.0001
2/3/2023 9:00,0.001172782,0.0001
2/3/2023 1:00,0.001075936,0.0001
2/2/2023 17:00,0.001291926,0.0001
2/2/2023 9:00,0.001777695,0.0001
2/2/2023 1:00,0.002249656,0.0001
2/1/2023 17:00,0.002459066,0.0001
2/1/2023 9:00,0.002144245,0.0001
2/1/2023 1:00,0.002369223,0.0001
1/31/2023 17:00,0,0.0001
1/31/2023 9:00,0,0.0001
1/31/2023 1:00,0.02498818,0.0001
1/30/2023 17:00,0.027532106,0.0001
1/30/2023 9:00,0.027446726,0.0001
1/30/2023 1:00,0.027359372,0.0001
1/29/2023 17:00,0.027237176,0.0001
1/29/2023 9:00,0.026376398,0.0001
1/29/2023 1:00,0.025506578,0.0001
1/28/2023 17:00,0.024670127,0.0001
1/28/2023 9:00,0,0.0001
1/28/2023 1:00,0,0.0001
1/27/2023 17:00,0.022678176,0.0001
1/27/2023 9:00,0.021704442,0.0001
1/27/2023 1:00,0.020788402,0.0001
1/26/2023 17:00,0.019956968,0.0001
1/26/2023 9:00,0.01937784,0.0001
1/26/2023 1:00,0.018799936,0.0001
1/25/2023 17:00,0.018119267,0.0001
1/25/2023 9:00,0.017468789,0.0001
1/25/2023 1:00,0.016799187,0.0001
1/24/2023 17:00,0.01631287,0.0001
1/24/2023 9:00,0.016229588,0.0001
1/24/2023 1:00,0.016266888,0.0001
1/23/2023 17:00,0.016298004,0.0001
1/23/2023 9:00,0.016339307,0.0001
1/23/2023 1:00,0,0.00010356
1/22/2023 17:00,0.016464755,0.0001
1/22/2023 9:00,0.016317953,0.0001
1/22/2023 1:00,0.016092216,0.0001
1/21/2023 17:00,0.016126132,0.0001
1/21/2023 9:00,0.016261207,0.0001
1/21/2023 1:00,0.016461338,0.0001
1/20/2023 17:00,0.01639639,0.0001
1/20/2023 9:00,0.016345219,0.0001
1/20/2023 1:00,0.016023293,0.0001
1/19/2023 17:00,0.015520821,0.0001
1/19/2023 9:00,0,0.0001
1/19/2023 1:00,0.015408397,0.0001
1/18/2023 17:00,0.015414168,0.0001
1/18/2023 9:00,0.014661354,0.0001
1/18/2023 1:00,0.013759362,0.0001
1/17/2023 17:00,0.012793378,0.0001
1/17/2023 9:00,0.011826097,0.0001
1/17/2023 1:00,0.010947843,0.0001
1/16/2023 17:00,0.010015023,0.0001
1/16/2023 9:00,0.009012286,0.0001
1/16/2023 1:00,0.00864492,0.00014183
1/15/2023 17:00,0.008216586,0.00018878
1/15/2023 9:00,0.007258408,0.00030426
1/15/2023 1:00,0.006408101,0.00012412
1/14/2023 17:00,0.005464334,0.00045951
1/14/2023 9:00,0.004538564,0.00061643
1/14/2023 1:00,0.004099064,0.0001
1/13/2023 17:00,0.003928471,0.0001
1/13/2023 9:00,0.003456216,0.0001
1/13/2023 1:00,0.002921943,0.0001
1/12/2023 17:00,0.002596952,0.0001
1/12/2023 9:00,0.002955883,0.0001
1/12/2023 1:00,0.003324435,0.0001
1/11/2023 17:00,0.003466874,0.00002778
1/11/2023 9:00,0.003371036,0.0001
1/11/2023 1:00,0.003234007,0.0001
1/10/2023 17:00,0.003220922,0.0001
1/10/2023 9:00,0.00351945,0.0001
1/10/2023 1:00,0.004093273,0.0001
1/9/2023 17:00,0.004694723,0.0001
1/9/2023 9:00,0.004922523,0.00007617
1/9/2023 1:00,0.004800663,0.00004312
1/8/2023 17:00,0.003951533,0.00008657
1/8/2023 9:00,0.003077706,0.00008826
1/8/2023 1:00,0.002142834,0.00002131
1/7/2023 17:00,0.001372432,0.0000719
1/7/2023 9:00,0.000749654,0.00004199
1/7/2023 1:00,0.000303382,0.00005444
1/6/2023 17:00,0.0000056,0.0001
1/6/2023 9:00,0,0.0001
1/6/2023 1:00,-0.0000891,0.0001
1/5/2023 17:00,0,0.0001
1/5/2023 9:00,0.000000646,0.0001
1/5/2023 1:00,0.0000283,0.0001
1/4/2023 17:00,-0.0000607,0.0001
1/4/2023 9:00,-0.0000169,0.0001
1/4/2023 1:00,0.00000602,0.00007608
1/3/2023 17:00,-0.00000981,0.00002948
1/3/2023 9:00,0.0000593,0.00005228
1/3/2023 1:00,0.000136003,0.0000089
1/2/2023 17:00,0,0.00007464
1/2/2023 9:00,0,0.00008878
1/2/2023 1:00,0,0.0001
1/1/2023 17:00,0,0.0001
1/1/2023 9:00,0,0.0001
1/1/2023 1:00,0,0.0001
12/31/2022 17:00,0.000567316,0.0001
12/31/2022 9:00,0.000636187,0.0001
12/31/2022 1:00,0.000723711,0.0001
12/30/2022 17:00,0,0.0001
12/30/2022 9:00,0.000864337,0.0001
12/30/2022 1:00,0,0.0001
12/29/2022 17:00,0.000957533,0.0001
12/29/2022 9:00,0,0.00005835
12/29/2022 1:00,0.00102277,0.0001
12/28/2022 17:00,0.001046964,-0.00002352
12/28/2022 9:00,0,0.00006253
12/28/2022 1:00,0.001112132,0.0001
12/27/2022 17:00,0.001061443,0.00007546
12/27/2022 9:00,0,0.00002226
12/27/2022 1:00,0.001149255,0.0001
12/26/2022 17:00,0.001255733,0.00002594
12/26/2022 9:00,0.001377837,0.00001023
12/26/2022 1:00,0,0.00006962
12/25/2022 17:00,0.00162344,0.00001343
12/25/2022 9:00,0.001758774,0.00000041
12/25/2022 1:00,0.001707371,-0.00000384
12/24/2022 17:00,0.001735106,0.00000527
12/24/2022 9:00,0,0.0001
12/24/2022 1:00,0,0.00006767
12/23/2022 17:00,0.000593317,-0.00000728
12/23/2022 9:00,0.000257735,0.0001
12/23/2022 1:00,0.00005,0.00007468
12/22/2022 17:00,0.0000444,0.00007887
12/22/2022 9:00,0,0.00009813
12/22/2022 1:00,0,0.00008923
12/21/2022 17:00,0.00000833,0.00006565
12/21/2022 9:00,0,0.00008575
12/21/2022 1:00,0.000000197,0.00004626
